{"content":[{"id":"5ff17f05","settings":{"flex_direction":"row","flex_align_items":"center","flex_gap":{"size":10,"unit":"px"},"min_height":{"unit":"px","size":282,"sizes":[]},"background_background":"classic","background_color":"#AEAEAE","background_image":{"url":"","id":"","alt":"","source":"library"}},"elements":[{"id":"5811fb4c","settings":{"_column_size":100,"content_width":"full"},"elements":[{"id":"3ac91681","settings":{"__dynamic__":{"title":"[elementor-tag id=\"\" name=\"tenweb-tag-archive-title\" settings=\"%7B%22include_context%22%3A%22no%22%2C%22show_description%22%3A%22title%22%2C%22before%22%3A%22%22%2C%22after%22%3A%22%22%2C%22fallback%22%3A%22%22%7D\"]","link":"[elementor-tag id=\"\" name=\"tenweb-tag-post-url\" settings=\"%7B%22enabled%22%3A%22yes%22%7D\"]"},"title":"Add Your Heading Text Here","typography_font_size":{"unit":"px","size":40,"sizes":[]},"typography_font_weight":"800","align":"center","typography_typography":"custom","_background_image":{"url":"","id":"","size":""},"_background_image_tablet":{"url":"","id":"","size":""},"_background_image_mobile":{"url":"","id":"","size":""},"_background_slideshow_gallery":[],"_background_hover_image":{"url":"","id":"","size":""},"_background_hover_image_tablet":{"url":"","id":"","size":""},"_background_hover_image_mobile":{"url":"","id":"","size":""},"_background_hover_slideshow_gallery":[]},"elements":[],"isInner":false,"widgetType":"tenweb-archive-title","elType":"widget"}],"isInner":false,"elType":"container"}],"isInner":false,"elType":"container"},{"id":"3e206b67","settings":{"stretch_section":"section-stretched","margin":{"unit":"%","top":"4","right":0,"bottom":"0","left":0,"isLinked":false},"flex_direction":"row","flex_align_items":"stretch","flex_gap":{"size":10,"unit":"px"}},"elements":[{"id":"3ede228b","settings":{"_column_size":100,"content_width":"full"},"elements":[{"id":"7e996c20","settings":{"columns":"3","meta_separator":"\u2022","read_more_text":"Read","pagination_prev_label":"Prev","pagination_next_label":"Next","pagination_first_label":"First","pagination_last_label":"Last","pagination_number_buttons":"","column_gap":{"unit":"px","size":40},"row_gap":{"unit":"px","size":40},"block_bg_color":"rgba(0,0,0,0)","block_border_color":"rgba(12,12,12,0)","block_border_width":{"unit":"px","size":0},"block_padding":{"unit":"px","size":0},"block_vertical_padding":{"unit":"px","size":0},"meta_border_color":"rgba(234,234,234,0)","alignment":"left","title_typography_font_size":{"unit":"px","size":18},"title_typography_font_weight":"700","title_spacing":{"unit":"px","size":6},"excerpt_typography_font_weight":"400","read_more_typography_font_size":{"unit":"px","size":16},"read_more_typography_font_weight":"700","meta_separator_color":"rgba(0,0,0,0)","meta_typography_font_weight":"500","pagination_typography_font_family":"Montserrat","pagination_typography_font_weight":"700","pagination_hover_color":"#0066de","pagination_spacing":{"unit":"px","size":24},"_margin":{"unit":"px","top":"0","right":"0","bottom":"0","left":"0","isLinked":true},"nothing_found_message":"It seems we can't find what you're looking for.","title_typography_typography":"custom","excerpt_typography_typography":"custom","read_more_typography_typography":"custom","meta_typography_typography":"custom","nothing_found_typography_typography":"custom","_background_image":{"url":"","id":"","size":""},"_background_image_tablet":{"url":"","id":"","size":""},"_background_image_mobile":{"url":"","id":"","size":""},"_background_slideshow_gallery":[],"_background_hover_image":{"url":"","id":"","size":""},"_background_hover_image_tablet":{"url":"","id":"","size":""},"_background_hover_image_mobile":{"url":"","id":"","size":""},"_background_hover_slideshow_gallery":[]},"elements":[],"isInner":false,"widgetType":"twbb-posts-archive","elType":"widget"}],"isInner":false,"elType":"container"}],"isInner":false,"elType":"container"}],"page_settings":[],"version":"0.4","title":"Archive","type":"twbb_archive"}