{"content":[{"id":"103c0e24","settings":{"z-index":100,"tenweb_sticky_effects_offset":100,"custom_css":"selector.elementor-sticky--effects {\n   background: #000000!important; \/* change the background color here *\/\n}\n\nselector.elementor-sticky--effects .sticky-menu ul li a {\n   color: #fff; \/* change the menu text color here *\/\n   width: auto; \/* ensure width remains constant *\/\n   height: auto; \/* ensure height remains constant *\/\n}\n\nselector.elementor-sticky--effects, .sticky-menu ul li a {\n  transition: .5s all ease-in-out;\n}","position":"absolute","background_color_b":"#000000","__globals__":{"background_color":"globals\/colors?id=twbb_transparent"},"_offset_x":{"unit":"px","size":"","sizes":[]},"_offset_y":{"unit":"px","size":"","sizes":[]},"_flex_align_self_mobile":"center","_element_id":"header","padding":{"left":"50","right":"50","top":"12","bottom":"12","unit":"px","isLinked":false},"padding_tablet":{"left":"15","right":"15","top":"12","bottom":"12","unit":"px","isLinked":false},"padding_mobile":{"left":"15","right":"15","top":"12","bottom":"12","unit":"px","isLinked":false},"css_classes":"twbb_section","_title":"Header","flex_direction":"row","flex_direction_tablet":"row","flex_direction_mobile":"row","flex_justify_content_mobile":"center","flex_justify_content_tablet":"center","flex_wrap_mobile":"no_wrap","flex_gap_mobile":{"size":"10","unit":"px","sizes":[]},"content_width":"boxed","boxed_width":{"size":"1920","unit":"px","sizes":[]},"background_background":"classic","flex_align_items":"center","tenweb_sticky":"top","flex_align_items_mobile":"flex-start"},"elements":[{"id":"53a6d43c","settings":{"_flex_align_self_mobile":"center","_css_classes":"","_flex_order_mobile":"start","_flex_order_tablet":"start","_element_width":"initial","_element_custom_width":{"unit":"%","size":16,"sizes":[]},"_element_custom_width_mobile":{"unit":"%","size":40,"sizes":[]},"_element_custom_width_tablet":{"unit":"%","size":20,"sizes":[]},"image":{"id":"67","url":"https:\/\/xwinerygabrielg.com\/wp-content\/uploads\/2024\/12\/logo_cIRmW8Fj.webp"},"image_size":"full","image_border_radius":{"unit":"%","top":"0","right":"0","bottom":"0","left":"0","isLinked":true},"align":"left","align_mobile":"center","width":{"unit":"%","size":100,"sizes":[]},"link_to":"custom","__dynamic__":{"link":"[elementor-tag id=\"z39zitqg\" name=\"tenweb-tag-site-url\" settings=\"%7B%7D\"]"},"_background_image":{"url":"","id":"","size":""},"_background_slideshow_gallery":[],"_background_hover_image":{"url":"","id":"","size":""},"_background_hover_slideshow_gallery":[]},"elements":[],"isInner":false,"widgetType":"image","elType":"widget"},{"id":"4fd12681","settings":{"_flex_align_self_mobile":"center","_css_classes":"","_flex_order_mobile":"end","_flex_order_tablet":"end","_element_width":"initial","_element_custom_width":{"unit":"%","size":75,"sizes":[]},"_element_custom_width_mobile":{"unit":"%","size":10,"sizes":[]},"_element_custom_width_tablet":{"unit":"%","size":10,"sizes":[]},"layout":"horizontal","menu":"_ecom_combined_menu_5g49d2","pointer_width":{"unit":"px","size":0,"sizes":[]},"align_items":"center","align_items_mobile":"center","__globals__":{"color_menu_item":"globals\/colors?id=twbb_text_inv","color_menu_item_active":"globals\/colors?id=twbb_text_inv","menu_typography_typography":"globals\/typography?id=twbb_p3","color_menu_item_hover":"globals\/colors?id=twbb_text_inv","toggle_background_color":"globals\/colors?id=twbb_transparent","toggle_color":"globals\/colors?id=twbb_text_inv","background_color_dropdown_item":"globals\/colors?id=twbb_bg_inv","color_dropdown_item":"globals\/colors?id=twbb_text_inv"},"padding_horizontal_menu_item":{"size":"18","unit":"px","sizes":[]},"padding_vertical_menu_item":{"size":"13","unit":"px","sizes":[]},"toggle_size":{"unit":"px","size":22,"sizes":[]},"pointer":"none","items_background_color":[{"heading":"Background","item_background_color":"#FFFFFF00","_id":""}],"_background_image":{"url":"","id":"","size":""},"_background_slideshow_gallery":[],"_background_hover_image":{"url":"","id":"","size":""},"_background_hover_slideshow_gallery":[]},"elements":[],"isInner":false,"widgetType":"twbb-nav-menu","elType":"widget"},{"id":"13b5ad45","settings":{"_flex_align_self_mobile":"center","content_width":"full","width":{"unit":"%","size":8,"sizes":[]},"width_tablet":{"unit":"%","size":70,"sizes":[]},"width_mobile":{"unit":"%","size":50,"sizes":[]},"css_classes":"","_title":"Container","flex_direction":"row","flex_direction_tablet":"row","flex_direction_mobile":"row","flex_justify_content_mobile":"flex-end","flex_justify_content_tablet":"flex-end","padding":{"left":"0","right":"0","top":"0","bottom":"0","unit":"px","isLinked":true},"padding_tablet":{"left":"0","right":"0","top":"0","bottom":"0","unit":"px","isLinked":true},"padding_mobile":{"left":"0","right":"0","top":"0","bottom":"0","unit":"px","isLinked":true},"flex_gap":{"column":"20","row":"20","isLinked":true,"unit":"px","size":20},"flex_justify_content":"flex-end","flex_align_items":"center","flex_align_items_mobile":"flex-start"},"elements":[{"id":"25439b1","settings":{"_flex_align_self_mobile":"center","_css_classes":"","selected_icon":{"value":"fas fa-user-alt","library":"fa-solid"},"__globals__":{"primary_color":"globals\/colors?id=twbb_button_inv"},"size":{"size":"18","unit":"px","sizes":[]},"size_mobile":{"size":"16","unit":"px","sizes":[]},"link":{"url":"https:\/\/xwinerygabrielg.com\/my-account\/\/","is_external":"","nofollow":"","custom_attributes":""},"_margin":{"unit":"px","top":"0","right":"0","bottom":"0","left":"0","isLinked":false},"_padding":{"unit":"px","top":"0","right":"0","bottom":"0","left":"0","isLinked":false},"_background_image":{"url":"","id":"","size":""},"_background_slideshow_gallery":[],"_background_hover_image":{"url":"","id":"","size":""},"_background_hover_slideshow_gallery":[]},"elements":[],"isInner":false,"widgetType":"icon","elType":"widget"},{"id":"19a1d8c2","settings":{"_flex_align_self_mobile":"center","_css_classes":"","show_subtotal":"","alignment":"left","icon":"custom","menu_icon_svg":{"value":"fas fa-shopping-bag","library":"fa-solid"},"toggle_button_border_width":{"unit":"px","size":0,"sizes":[]},"toggle_icon_size":{"unit":"px","size":18,"sizes":[]},"toggle_icon_size_mobile":{"unit":"px","size":16,"sizes":[]},"toggle_button_padding":{"unit":"px","top":"0","right":"0","bottom":"0","left":"0","isLinked":false},"__globals__":{"toggle_button_icon_color":"globals\/colors?id=twbb_button_inv","items_indicator_text_color":"globals\/colors?id=twbb_text_inv","background_color":"globals\/colors?id=twbb_bg_primary","close_cart_icon_color":"globals\/colors?id=twbb_button_inv","remove_item_button_color":"globals\/colors?id=twbb_button_inv","subtotal_color":"globals\/colors?id=text","subtotal_typography_typography":"globals\/typography?id=text","product_title_typography_typography":"globals\/typography?id=text","product_title_color":"globals\/colors?id=primary","product_variations_color":"globals\/colors?id=text","product_variations_typography_typography":"globals\/typography?id=text","product_price_color":"globals\/colors?id=text","product_price_typography_typography":"globals\/typography?id=text","product_quantity_color":"globals\/colors?id=text","product_quantity_typography_typography":"globals\/typography?id=text","product_buttons_typography_typography":"globals\/typography?id=accent","cart_checkout_button_typography_typography":"globals\/typography?id=accent","cart_empty_message_typography_typography":"globals\/typography?id=twbb_h4","empty_message_color":"globals\/colors?id=primary","view_cart_button_background_color":"globals\/colors?id=twbb_button_inv","view_cart_button_text_color":"globals\/colors?id=twbb_button","view_cart_button_hover_background":"globals\/colors?id=twbb_button_inv_hover","view_cart_button_hover_text_color":"globals\/colors?id=twbb_button","checkout_button_background_color":"globals\/colors?id=twbb_button_inv","checkout_button_text_color":"globals\/colors?id=twbb_button","view_cart_button_border_hover_color":"globals\/colors?id=twbb_button_inv_hover","checkout_button_border_hover_color":"globals\/colors?id=twbb_button_inv_hover","checkout_button_hover_background":"globals\/colors?id=twbb_button_inv_hover","checkout_button_hover_text_color":"globals\/colors?id=twbb_button","divider_color":"globals\/colors?id=primary","border_color":"","toggle_button_typography_typography":"globals\/typography?id=text"},"view_cart_border_color":"#e6e6e6","checkout_border_color":"#e6e6e6","side_cart_alignment":"end","items_indicator_distance":{"unit":"%","size":"","sizes":[]},"close_cart_button_alignment":"end","remove_item_button_position":"top","price_quantity_position":"bottom","remove_item_button_size":{"unit":"px","size":18,"sizes":[]},"space_between_buttons":{"unit":"px","size":20,"sizes":[]},"buttons_position":"top","automatically_open_cart":"yes","divider_style":"solid","divider_width":{"unit":"px","size":1,"sizes":[]},"view_cart_border_border":"solid","view_cart_border_width":{"unit":"px","top":"1","right":"1","bottom":"1","left":"1","isLinked":true},"checkout_border_border":"solid","checkout_border_width":{"unit":"px","top":"1","right":"1","bottom":"1","left":"1","isLinked":true},"empty_message_alignment":"center","border_type":"solid","border_width":{"unit":"px","top":"0","right":"0","bottom":"0","left":"0","isLinked":false},"items_indicator_distance_mobile":{"unit":"px","size":4,"sizes":[]},"hide_empty_indicator":"hide","_margin":{"unit":"px","top":"0","right":"0","bottom":"0","left":"0","isLinked":true},"_padding":{"unit":"px","top":"0","right":"0","bottom":"0","left":"0","isLinked":true},"view_cart_button_border_radius":{"unit":"px","top":"0","right":"0","bottom":"0","left":"0","isLinked":true},"view_checkout_button_border_radius":{"unit":"px","top":"0","right":"0","bottom":"0","left":"0","isLinked":true},"side_cart_alignment_mobile":"end","border_width_mobile":{"unit":"px","top":"0","right":"0","bottom":"0","left":"0","isLinked":false},"_padding_mobile":{"unit":"px","top":"0","right":"0","bottom":"0","left":"0","isLinked":false},"_element_custom_width_mobile":{"unit":"%","size":"","sizes":[]},"close_cart_icon_svg":{"value":"","library":""},"_background_image":{"url":"","id":"","size":""},"_background_slideshow_gallery":[],"_background_hover_image":{"url":"","id":"","size":""},"_background_hover_slideshow_gallery":[]},"elements":[],"isInner":false,"widgetType":"twbb_woocommerce-menu-cart","elType":"widget"}],"isInner":false,"elType":"container"}],"isInner":false,"elType":"container"}],"page_settings":[],"version":"0.4","title":"Header","type":"twbb_header"}