{"content":[{"id":"302b7641","settings":{"_flex_align_self_mobile":"center","_element_id":"footer","padding":{"left":"50","right":"50","top":"80","bottom":"80","unit":"px","isLinked":false},"padding_tablet":{"left":"15","right":"50","top":"80","bottom":"80","unit":"px","isLinked":false},"padding_mobile":{"left":"15","right":"15","top":"50","bottom":"50","unit":"px","isLinked":false},"css_classes":"twbb_section","_title":"Footer","flex_direction":"column","flex_direction_tablet":"column","flex_direction_mobile":"column","flex_justify_content_mobile":"center","flex_justify_content_tablet":"center","content_width":"boxed","boxed_width":{"size":"1920","unit":"px","sizes":[]},"flex_align_items_mobile":"flex-start"},"elements":[{"id":"1bec9d6d","settings":{"_flex_align_self_mobile":"center","content_width":"full","width":{"unit":"%","size":100,"sizes":[]},"width_tablet":{"unit":"%","size":100,"sizes":[]},"width_mobile":{"unit":"%","size":100,"sizes":[]},"css_classes":"","_title":"Container","flex_direction":"row","flex_direction_tablet":"row","flex_direction_mobile":"column","flex_justify_content_mobile":"center","flex_justify_content_tablet":"center","padding":{"left":"0","right":"0","top":"0","bottom":"0","unit":"px","isLinked":true},"padding_tablet":{"left":"0","right":"0","top":"0","bottom":"0","unit":"px","isLinked":true},"padding_mobile":{"left":"0","right":"0","top":"0","bottom":"0","unit":"px","isLinked":true},"flex_align_items_mobile":"flex-start"},"elements":[{"id":"192058f9","settings":{"_flex_align_self_mobile":"center","content_width":"full","width":{"unit":"%","size":16,"sizes":[]},"width_tablet":{"unit":"%","size":16,"sizes":[]},"width_mobile":{"unit":"%","size":100,"sizes":[]},"css_classes":"","_title":"Container","flex_direction":"column","flex_direction_tablet":"column","flex_direction_mobile":"column","flex_justify_content_mobile":"center","flex_justify_content_tablet":"center","padding":{"left":"0","right":"0","top":"0","bottom":"0","unit":"px","isLinked":true},"padding_tablet":{"left":"0","right":"0","top":"0","bottom":"0","unit":"px","isLinked":true},"padding_mobile":{"left":"0","right":"0","top":"0","bottom":"0","unit":"px","isLinked":true},"flex_align_items_mobile":"flex-start"},"elements":[{"id":"3ab2bc1b","settings":{"_flex_align_self_mobile":"center","_css_classes":"","_element_width":"initial","_element_custom_width":{"unit":"%","size":100,"sizes":[]},"_element_width_mobile":"inherit","_element_width_tablet":"initial","_element_custom_width_tablet":{"unit":"%","size":100,"sizes":[]},"image":{"id":"68","url":"https:\/\/xwinerygabrielg.com\/wp-content\/uploads\/2024\/12\/logo_3cjlKddn.webp"},"image_size":"full","image_border_radius":{"unit":"%","top":"0","right":"0","bottom":"0","left":"0","isLinked":true},"align":"left","align_mobile":"center","width":{"unit":"%","size":100,"sizes":[]},"link_to":"custom","__dynamic__":{"link":"[elementor-tag id=\"vakq84gt\" name=\"tenweb-tag-site-url\" settings=\"%7B%7D\"]"},"_background_image":{"url":"","id":"","size":""},"_background_slideshow_gallery":[],"_background_hover_image":{"url":"","id":"","size":""},"_background_hover_slideshow_gallery":[]},"elements":[],"isInner":false,"widgetType":"image","elType":"widget"}],"isInner":false,"elType":"container"},{"id":"3f35c0de","settings":{"_flex_align_self_mobile":"center","content_width":"full","width":{"unit":"%","size":16,"sizes":[]},"width_tablet":{"unit":"%","size":16,"sizes":[]},"width_mobile":{"unit":"%","size":100,"sizes":[]},"css_classes":"","_title":"Container","flex_direction":"column","flex_direction_tablet":"column","flex_direction_mobile":"column","flex_justify_content_mobile":"center","flex_justify_content_tablet":"center","padding":{"left":"0","right":"0","top":"0","bottom":"0","unit":"px","isLinked":true},"padding_tablet":{"left":"0","right":"0","top":"0","bottom":"0","unit":"px","isLinked":true},"padding_mobile":{"left":"0","right":"0","top":"0","bottom":"0","unit":"px","isLinked":true},"flex_gap":{"column":"20","row":"20","isLinked":true,"unit":"px","size":20},"flex_align_items_mobile":"flex-start"},"elements":[{"id":"35b42a9b","settings":{"_flex_align_self_mobile":"center","_css_classes":"","_element_width":"initial","_element_custom_width":{"unit":"%","size":100,"sizes":[]},"_element_width_mobile":"inherit","_element_width_tablet":"initial","_element_custom_width_tablet":{"unit":"%","size":100,"sizes":[]},"title":"Explore","header_size":"h5","align":"left","align_mobile":"center","__globals__":{"title_color":"globals\/colors?id=primary","typography_typography":"globals\/typography?id=twbb_h5"},"_background_image":{"url":"","id":"","size":""},"_background_slideshow_gallery":[],"_background_hover_image":{"url":"","id":"","size":""},"_background_hover_slideshow_gallery":[]},"elements":[],"isInner":false,"widgetType":"heading","elType":"widget"},{"id":"5e0562b9","settings":{"_flex_align_self_mobile":"center","_css_classes":"","_element_width":"initial","_element_custom_width":{"unit":"%","size":100,"sizes":[]},"_element_width_mobile":"inherit","_element_width_tablet":"initial","_element_custom_width_tablet":{"unit":"%","size":100,"sizes":[]},"layout":"vertical","menu":"main-menu-1_","pointer_width":{"unit":"px","size":0,"sizes":[]},"align_items":"left","align_items_mobile":"center","__globals__":{"color_menu_item":"globals\/colors?id=text","color_menu_item_active":"globals\/colors?id=text","menu_typography_typography":"globals\/typography?id=twbb_p5","color_menu_item_hover":"globals\/colors?id=accent","toggle_background_color":"globals\/colors?id=twbb_transparent","toggle_color":"globals\/colors?id=text"},"padding_horizontal_menu_item":{"size":0,"unit":"px","sizes":[]},"padding_vertical_menu_item":{"size":"13","unit":"px","sizes":[]},"toggle_size":{"unit":"px","size":22,"sizes":[]},"pointer":"none","toggle":"","items_background_color":[{"heading":"Background","item_background_color":"#FFFFFF00","_id":""}],"_background_image":{"url":"","id":"","size":""},"_background_slideshow_gallery":[],"_background_hover_image":{"url":"","id":"","size":""},"_background_hover_slideshow_gallery":[]},"elements":[],"isInner":false,"widgetType":"twbb-nav-menu","elType":"widget"}],"isInner":false,"elType":"container"},{"id":"702af7a7","settings":{"_flex_align_self_mobile":"center","content_width":"full","width":{"unit":"%","size":16,"sizes":[]},"width_tablet":{"unit":"%","size":16,"sizes":[]},"width_mobile":{"unit":"%","size":100,"sizes":[]},"css_classes":"","_title":"Container","flex_direction":"column","flex_direction_tablet":"column","flex_direction_mobile":"column","flex_justify_content_mobile":"center","flex_justify_content_tablet":"center","padding":{"left":"0","right":"0","top":"0","bottom":"0","unit":"px","isLinked":true},"padding_tablet":{"left":"0","right":"0","top":"0","bottom":"0","unit":"px","isLinked":true},"padding_mobile":{"left":"0","right":"0","top":"0","bottom":"0","unit":"px","isLinked":true},"flex_gap":{"column":"20","row":"20","isLinked":true,"unit":"px","size":20},"flex_align_items_mobile":"flex-start"},"elements":[{"id":"1d0a549c","settings":{"_flex_align_self_mobile":"center","_css_classes":"","_element_width":"initial","_element_custom_width":{"unit":"%","size":100,"sizes":[]},"_element_width_mobile":"inherit","_element_width_tablet":"initial","_element_custom_width_tablet":{"unit":"%","size":100,"sizes":[]},"title":"Shop","header_size":"h5","align":"left","align_mobile":"center","__globals__":{"title_color":"globals\/colors?id=primary","typography_typography":"globals\/typography?id=twbb_h5"},"_background_image":{"url":"","id":"","size":""},"_background_slideshow_gallery":[],"_background_hover_image":{"url":"","id":"","size":""},"_background_hover_slideshow_gallery":[]},"elements":[],"isInner":false,"widgetType":"heading","elType":"widget"},{"id":"53bf4288","settings":{"_flex_align_self_mobile":"center","_css_classes":"","_element_width":"initial","_element_custom_width":{"unit":"%","size":100,"sizes":[]},"_element_width_mobile":"inherit","_element_width_tablet":"initial","_element_custom_width_tablet":{"unit":"%","size":100,"sizes":[]},"layout":"vertical","menu":"main-menu-2_","pointer_width":{"unit":"px","size":0,"sizes":[]},"align_items":"left","align_items_mobile":"center","__globals__":{"color_menu_item":"globals\/colors?id=text","color_menu_item_active":"globals\/colors?id=text","menu_typography_typography":"globals\/typography?id=twbb_p5","color_menu_item_hover":"globals\/colors?id=accent","toggle_background_color":"globals\/colors?id=twbb_transparent","toggle_color":"globals\/colors?id=text"},"padding_horizontal_menu_item":{"size":0,"unit":"px","sizes":[]},"padding_vertical_menu_item":{"size":"13","unit":"px","sizes":[]},"toggle_size":{"unit":"px","size":22,"sizes":[]},"pointer":"none","toggle":"","items_background_color":[{"heading":"Background","item_background_color":"#FFFFFF00","_id":""}],"_background_image":{"url":"","id":"","size":""},"_background_slideshow_gallery":[],"_background_hover_image":{"url":"","id":"","size":""},"_background_hover_slideshow_gallery":[]},"elements":[],"isInner":false,"widgetType":"twbb-nav-menu","elType":"widget"}],"isInner":false,"elType":"container"},{"id":"4ae7b830","settings":{"_flex_align_self_mobile":"center","content_width":"full","width":{"unit":"%","size":16,"sizes":[]},"width_tablet":{"unit":"%","size":16,"sizes":[]},"width_mobile":{"unit":"%","size":100,"sizes":[]},"css_classes":"","_title":"Container","flex_direction":"column","flex_direction_tablet":"column","flex_direction_mobile":"column","flex_justify_content_mobile":"center","flex_justify_content_tablet":"center","padding":{"left":"0","right":"0","top":"0","bottom":"0","unit":"px","isLinked":true},"padding_tablet":{"left":"0","right":"0","top":"0","bottom":"0","unit":"px","isLinked":true},"padding_mobile":{"left":"0","right":"0","top":"0","bottom":"0","unit":"px","isLinked":true},"flex_gap":{"column":"20","row":"20","isLinked":true,"unit":"px","size":20},"flex_align_items_mobile":"flex-start"},"elements":[{"id":"48a39888","settings":{"_flex_align_self_mobile":"center","_css_classes":"","_element_width":"initial","_element_custom_width":{"unit":"%","size":100,"sizes":[]},"_element_width_mobile":"inherit","_element_width_tablet":"initial","_element_custom_width_tablet":{"unit":"%","size":100,"sizes":[]},"title":"About Us","header_size":"h5","align":"left","align_mobile":"center","__globals__":{"title_color":"globals\/colors?id=primary","typography_typography":"globals\/typography?id=twbb_h5"},"_background_image":{"url":"","id":"","size":""},"_background_slideshow_gallery":[],"_background_hover_image":{"url":"","id":"","size":""},"_background_hover_slideshow_gallery":[]},"elements":[],"isInner":false,"widgetType":"heading","elType":"widget"},{"id":"32ecd047","settings":{"_flex_align_self_mobile":"center","_css_classes":"","_element_width":"initial","_element_custom_width":{"unit":"%","size":100,"sizes":[]},"_element_width_mobile":"inherit","_element_width_tablet":"initial","_element_custom_width_tablet":{"unit":"%","size":100,"sizes":[]},"layout":"vertical","menu":"main-menu-3_","pointer_width":{"unit":"px","size":0,"sizes":[]},"align_items":"left","align_items_mobile":"center","__globals__":{"color_menu_item":"globals\/colors?id=text","color_menu_item_active":"globals\/colors?id=text","menu_typography_typography":"globals\/typography?id=twbb_p5","color_menu_item_hover":"globals\/colors?id=accent","toggle_background_color":"globals\/colors?id=twbb_transparent","toggle_color":"globals\/colors?id=text"},"padding_horizontal_menu_item":{"size":0,"unit":"px","sizes":[]},"padding_vertical_menu_item":{"size":"13","unit":"px","sizes":[]},"toggle_size":{"unit":"px","size":22,"sizes":[]},"pointer":"none","toggle":"","items_background_color":[{"heading":"Background","item_background_color":"#FFFFFF00","_id":""}],"_background_image":{"url":"","id":"","size":""},"_background_slideshow_gallery":[],"_background_hover_image":{"url":"","id":"","size":""},"_background_hover_slideshow_gallery":[]},"elements":[],"isInner":false,"widgetType":"twbb-nav-menu","elType":"widget"}],"isInner":false,"elType":"container"},{"id":"33aaa02b","settings":{"_flex_align_self_mobile":"center","content_width":"full","width":{"unit":"%","size":33,"sizes":[]},"width_tablet":{"unit":"%","size":33,"sizes":[]},"width_mobile":{"unit":"%","size":100,"sizes":[]},"css_classes":"","_title":"Container","flex_direction":"column","flex_direction_tablet":"column","flex_direction_mobile":"column","flex_justify_content_mobile":"center","flex_justify_content_tablet":"center","padding":{"left":"0","right":"0","top":"0","bottom":"0","unit":"px","isLinked":true},"padding_tablet":{"left":"0","right":"0","top":"0","bottom":"0","unit":"px","isLinked":true},"padding_mobile":{"left":"0","right":"0","top":"0","bottom":"0","unit":"px","isLinked":true},"flex_align_items_mobile":"flex-start"},"elements":[{"id":"639387cc","settings":{"_flex_align_self_mobile":"center","_css_classes":"","_element_width":"initial","_element_custom_width":{"unit":"%","size":100,"sizes":[]},"_element_width_mobile":"inherit","_element_width_tablet":"initial","_element_custom_width_tablet":{"unit":"%","size":100,"sizes":[]},"form_name":"Join Our Newsletter","form_description":"Stay updated with our latest wine selections and exclusive offers.","button_text":"Subscribe","button_width":"30","button_text_padding":{"unit":"px","top":"12","right":"24","bottom":"12","left":"24","isLinked":false},"button_align_mobile":"stretch","form_fields":[{"custom_id":"email","field_label":"Email","field_type":"email","placeholder":"Enter your email","width":66,"required":"true","_id":"","custom_button_text":"Custom Button","custom_button_type":"","custom_button_align":"","custom_button_size":"sm","custom_button_url":{"url":"#","is_external":"","nofollow":"","custom_attributes":""},"previous_button":"","next_button":"","selected_icon":{"value":"fas fa-star","library":"fa-solid"},"file_sizes":"","file_types":"","allow_multiple_upload":"","max_files":"","acceptance_text":"","checked_by_default":"","acceptance_url":{"url":"","is_external":true,"nofollow":true,"custom_attributes":""},"field_min":"","field_max":"","min_date":"","max_date":"","use_native_date":"","use_native_time":"","field_options":"Option 1|Option 1\nOption 2|Option 2\nOption 3|Option 3","allow_multiple":"","select_size":"","inline_list":"","field_html":"","rows":4,"recaptcha_size":"normal","recaptcha_style":"light","recaptcha_badge":"bottomright","css_classes":"","field_value":""}],"row_gap":{"unit":"px","size":20,"sizes":[]},"column_gap":{"size":"20","unit":"px","sizes":[]},"label_spacing":{"unit":"px","size":10,"sizes":[]},"align_description":"left","align_description_mobile":"center","_align":"left","title_align":"left","title_align_mobile":"center","align_text_after_buttons_mobile":"center","_border_radius":"0","title_tag":"h5","__globals__":{"_background_color":"","title_color":"globals\/colors?id=primary","description_color":"globals\/colors?id=text","label_color":"globals\/colors?id=secondary","typography_title_typography":"globals\/typography?id=twbb_h5","typography_description_typography":"globals\/typography?id=twbb_p5","label_typography_typography":"globals\/typography?id=twbb_p5","html_typography_typography":"globals\/typography?id=twbb_input","field_typography_typography":"globals\/typography?id=twbb_input","html_color":"globals\/colors?id=text","field_text_color":"globals\/colors?id=twbb_button","field_background_color":"globals\/colors?id=twbb_bg_primary","button_typography_typography":"globals\/typography?id=accent","button_text_color":"globals\/colors?id=twbb_button_inv","button_hover_color":"globals\/colors?id=twbb_button_inv","button_background_color":"globals\/colors?id=twbb_button","button_background_hover_color":"globals\/colors?id=twbb_button_hover","button_border_color":"globals\/colors?id=twbb_button","button_hover_border_color":"globals\/colors?id=twbb_button_hover","field_border_color":"globals\/colors?id=twbb_button"},"button_border_border":"solid","button_border_width":{"unit":"px","top":"1","right":"1","bottom":"1","left":"1","isLinked":true},"field_border_width":{"unit":"px","top":"1","right":"1","bottom":"1","left":"1","isLinked":true},"field_border_border":"solid","step_next_label":"Next","step_previous_label":"Previous","reset_button_text":"Reset","email_content":"[all-fields]","email_content_2":"[all-fields]","success_message":"The form was sent successfully.","error_message":"An error occurred.","required_field_message":"This field is required.","invalid_message":"There&#039;s something wrong. The form is invalid.","display_form_title_description":"yes","show_labels":"","button_align":"center","selected_button_icon":{"value":"","library":""},"selected_reset_button_icon":{"value":"","library":""},"_background_image":{"url":"","id":"","size":""},"_background_slideshow_gallery":[],"_background_hover_image":{"url":"","id":"","size":""},"_background_hover_slideshow_gallery":[]},"elements":[],"isInner":false,"widgetType":"twbb_form","elType":"widget"}],"isInner":false,"elType":"container"}],"isInner":false,"elType":"container"},{"id":"60c4d2a2","settings":{"_flex_align_self_mobile":"center","_css_classes":"","_element_width":"initial","_element_custom_width":{"unit":"%","size":100,"sizes":[]},"_element_width_mobile":"inherit","_element_width_tablet":"initial","_element_custom_width_tablet":{"unit":"%","size":100,"sizes":[]},"__globals__":{"color":"globals\/colors?id=twbb_bg_inv"},"icon":{"value":"fas fa-star","library":"fa-solid"},"_background_image":{"url":"","id":"","size":""},"_background_slideshow_gallery":[],"_background_hover_image":{"url":"","id":"","size":""},"_background_hover_slideshow_gallery":[]},"elements":[],"isInner":false,"widgetType":"divider","elType":"widget"},{"id":"5503e1a0","settings":{"_flex_align_self_mobile":"center","content_width":"full","width":{"unit":"%","size":100,"sizes":[]},"width_tablet":{"unit":"%","size":100,"sizes":[]},"width_mobile":{"unit":"%","size":100,"sizes":[]},"margin":{"left":"0","right":"0","top":"40","bottom":"0","unit":"px","isLinked":false},"margin_tablet":{"left":"0","right":"0","top":"40","bottom":"0","unit":"px","isLinked":false},"margin_mobile":{"left":"0","right":"0","top":"40","bottom":"0","unit":"px","isLinked":false},"css_classes":"","_title":"Container","flex_direction":"row","flex_direction_tablet":"row","flex_direction_mobile":"column","flex_justify_content_mobile":"center","flex_justify_content_tablet":"center","padding":{"left":"0","right":"0","top":"0","bottom":"0","unit":"px","isLinked":true},"padding_tablet":{"left":"0","right":"0","top":"0","bottom":"0","unit":"px","isLinked":true},"padding_mobile":{"left":"0","right":"0","top":"0","bottom":"0","unit":"px","isLinked":true},"flex_gap":{"column":"20","row":"20","isLinked":true,"unit":"px","size":20},"flex_align_items_mobile":"flex-start"},"elements":[{"id":"2bbe5345","settings":{"_flex_align_self_mobile":"center","_css_classes":"","_element_width":"initial","_element_custom_width":{"unit":"%","size":33,"sizes":[]},"_element_width_mobile":"inherit","_element_width_tablet":"initial","_element_custom_width_tablet":{"unit":"%","size":33,"sizes":[]},"editor":"\u00a9 2024 X Winery - The best drink in the town","align":"left","__globals__":{"text_color":"globals\/colors?id=text","typography_typography":"globals\/typography?id=twbb_p4"},"align_mobile":"center","_background_image":{"url":"","id":"","size":""},"_background_slideshow_gallery":[],"_background_hover_image":{"url":"","id":"","size":""},"_background_hover_slideshow_gallery":[]},"elements":[],"isInner":false,"widgetType":"text-editor","elType":"widget"},{"id":"5f142806","settings":{"_flex_align_self_mobile":"center","_css_classes":"","_element_width":"initial","_element_custom_width":{"unit":"%","size":50,"sizes":[]},"_element_width_mobile":"inherit","_element_width_tablet":"initial","_element_custom_width_tablet":{"unit":"%","size":50,"sizes":[]},"layout":"horizontal","menu":"main-menu-4_","pointer_width":{"unit":"px","size":0,"sizes":[]},"align_items":"left","align_items_mobile":"center","__globals__":{"color_menu_item":"globals\/colors?id=text","color_menu_item_active":"globals\/colors?id=text","menu_typography_typography":"globals\/typography?id=twbb_p4","color_menu_item_hover":"globals\/colors?id=accent","toggle_background_color":"globals\/colors?id=twbb_transparent","toggle_color":"globals\/colors?id=text"},"padding_horizontal_menu_item":{"size":"18","unit":"px","sizes":[]},"padding_vertical_menu_item":{"size":0,"unit":"px","sizes":[]},"toggle_size":{"unit":"px","size":22,"sizes":[]},"pointer":"none","toggle":"","items_background_color":[{"heading":"Background","item_background_color":"#FFFFFF00","_id":""}],"_background_image":{"url":"","id":"","size":""},"_background_slideshow_gallery":[],"_background_hover_image":{"url":"","id":"","size":""},"_background_hover_slideshow_gallery":[]},"elements":[],"isInner":false,"widgetType":"twbb-nav-menu","elType":"widget"},{"id":"56b17ad2","settings":{"_flex_align_self_mobile":"center","_css_classes":"","_element_width":"initial","_element_custom_width":{"unit":"%","size":16,"sizes":[]},"_element_width_mobile":"inherit","_element_width_tablet":"initial","_element_custom_width_tablet":{"unit":"%","size":16,"sizes":[]},"social_icon_list":[{"social_icon":{"value":"fab fa-facebook","library":"fa-brands"},"_id":"","link":{"url":"","is_external":"true","nofollow":"","custom_attributes":""},"item_icon_color":"default"},{"social_icon":{"value":"fab fa-instagram","library":"fa-brands"},"_id":"","link":{"url":"","is_external":"true","nofollow":"","custom_attributes":""},"item_icon_color":"default"},{"social_icon":{"value":"fab fa-twitter","library":"fa-brands"},"_id":"","link":{"url":"","is_external":"true","nofollow":"","custom_attributes":""},"item_icon_color":"default"}],"align":"right","icon_spacing":{"size":"16","unit":"px","sizes":[]},"icon_size":{"size":"16","unit":"px","sizes":[]},"icon_padding":{"size":"0","unit":"px","sizes":[]},"row_gap":{"size":"16","unit":"px","sizes":[]},"align_mobile":"center","icon_color":"custom","__globals__":{"icon_primary_color":"globals\/colors?id=twbb_transparent","icon_secondary_color":"globals\/colors?id=text","hover_primary_color":"globals\/colors?id=twbb_transparent","hover_secondary_color":"globals\/colors?id=accent"},"_background_image":{"url":"","id":"","size":""},"_background_slideshow_gallery":[],"_background_hover_image":{"url":"","id":"","size":""},"_background_hover_slideshow_gallery":[]},"elements":[],"isInner":false,"widgetType":"social-icons","elType":"widget"}],"isInner":false,"elType":"container"}],"isInner":false,"elType":"container"}],"page_settings":[],"version":"0.4","title":"Footer","type":"twbb_footer"}