{"content":[{"id":"51ad7c6e","settings":{"_flex_align_self_mobile":"center","padding":{"unit":"px","top":"30","right":"0","bottom":"24","left":"0","isLinked":false},"padding_tablet":{"left":"15","right":"50","top":"80","bottom":"80","unit":"px","isLinked":false},"padding_mobile":{"unit":"px","top":"40","right":"20","bottom":"40","left":"20","isLinked":false},"css_classes":"twbb_section","_title":"Container","flex_direction":"column","flex_direction_tablet":"column","flex_direction_mobile":"column","flex_justify_content_mobile":"center","flex_justify_content_tablet":"center","content_width":"boxed","boxed_width":{"unit":"px","size":1180,"sizes":[]},"flex_align_items_mobile":"center","margin":{"unit":"px","top":"0","right":"0","bottom":"0","left":"0","isLinked":false}},"elements":[{"id":"52bace12","settings":{"_margin":{"unit":"px","top":"0","right":"0","bottom":"0","left":"0","isLinked":false},"_padding":{"unit":"px","top":"0","right":"0","bottom":"30","left":"0","isLinked":false},"_margin_mobile":{"unit":"px","top":"0","right":"0","bottom":"0","left":"0","isLinked":false},"_padding_mobile":{"unit":"px","top":"0","right":"0","bottom":"0","left":"0","isLinked":false},"_background_image":{"url":"","id":"","size":""},"_background_slideshow_gallery":[],"_background_hover_image":{"url":"","id":"","size":""},"_background_hover_slideshow_gallery":[]},"elements":[],"isInner":false,"widgetType":"twbb_woocommerce-notices","elType":"widget"}],"isInner":false,"elType":"container"},{"id":"6e8ad3d7","settings":{"_flex_align_self_mobile":"center","padding":{"unit":"px","top":"0","right":"0","bottom":"0","left":"0","isLinked":false},"padding_tablet":{"left":"15","right":"50","top":"80","bottom":"80","unit":"px","isLinked":false},"padding_mobile":{"unit":"px","top":"0","right":"20","bottom":"0","left":"20","isLinked":false},"css_classes":"twbb_section","_title":"Container","flex_direction":"row","flex_direction_tablet":"row","flex_direction_mobile":"column","flex_justify_content_mobile":"center","flex_justify_content_tablet":"center","content_width":"boxed","boxed_width":{"unit":"px","size":1180,"sizes":[]},"flex_align_items_mobile":"flex-start","flex_gap":{"unit":"px","size":60,"column":"60","row":"0"},"margin":{"unit":"px","top":"0","right":"0","bottom":"0","left":"0","isLinked":false}},"elements":[{"id":"2601bc15","settings":{"_flex_align_self_mobile":"center","_css_classes":"","_element_width":"initial","_element_custom_width":{"unit":"%","size":50,"sizes":[]},"_element_width_mobile":"inherit","_element_width_tablet":"initial","_element_custom_width_tablet":{"unit":"%","size":50,"sizes":[]},"_margin":{"unit":"px","top":"0","right":"0","bottom":"0","left":"0","isLinked":false},"_margin_tablet":{"left":"0","right":"0","top":"0","bottom":"0","unit":"px","isLinked":true},"_margin_mobile":{"left":"0","right":"0","top":"0","bottom":"0","unit":"px","isLinked":true},"image_border_border":"none","spacing":{"unit":"px","size":15,"sizes":[]},"thumbs_border_border":"none","spacing_thumbs":{"unit":"px","size":15,"sizes":[]},"sale_flash":"","_padding":{"unit":"px","top":"0","right":"0","bottom":"0","left":"0","isLinked":false},"image_border_width":{"unit":"px","top":"1","right":"1","bottom":"1","left":"1","isLinked":true},"__globals__":{"image_border_color":"globals\/colors?id=accent"},"_animation":"fadeIn","_transform_skewX_effect":{"unit":"px","size":-360,"sizes":[]},"_background_image":{"url":"","id":"","size":""},"_background_slideshow_gallery":[],"_background_hover_image":{"url":"","id":"","size":""},"_background_hover_slideshow_gallery":[]},"elements":[],"isInner":false,"widgetType":"twbb_woocommerce-product-images","elType":"widget"},{"id":"35e3794a","settings":{"_flex_align_self_mobile":"center","content_width":"full","width":{"unit":"%","size":50,"sizes":[]},"width_tablet":{"unit":"%","size":50,"sizes":[]},"width_mobile":{"unit":"%","size":100,"sizes":[]},"css_classes":"","_title":"Container","flex_direction":"column","flex_direction_tablet":"column","flex_direction_mobile":"column","flex_justify_content_mobile":"center","flex_justify_content_tablet":"center","padding":{"left":"0","right":"0","top":"0","bottom":"0","unit":"px","isLinked":true},"padding_tablet":{"left":"0","right":"0","top":"0","bottom":"0","unit":"px","isLinked":true},"padding_mobile":{"left":"0","right":"0","top":"0","bottom":"0","unit":"px","isLinked":true},"flex_gap":{"column":"20","row":"20","isLinked":true,"unit":"px","size":20},"flex_align_items_mobile":"flex-start"},"elements":[{"id":"1156128f","settings":{"_flex_align_self_mobile":"center","_css_classes":"","_element_width":"initial","_element_custom_width":{"unit":"%","size":100,"sizes":[]},"_element_width_mobile":"inherit","_element_width_tablet":"initial","_element_custom_width_tablet":{"unit":"%","size":100,"sizes":[]},"editor":"Lorem ipsum dolor sit amet, consectetur adipiscing elit. Donec congue porttitor elit at bibendum. Cras urna ipsum, lobortis sit amet ante in, semper bibendum enim. Nunc vestibulum, nisl sed porttitor tincidunt, libero enim ultricies nulla, id tristique sapien justo at dolor. Duis dui purus, mollis sit amet nulla ac, finibus lacinia urna. Sed odio diam, volutpat vel pretium vel, iaculis in libero. Integer vitae tincidunt libero, ac venenatis neque. Etiam feugiat diam et sollicitudin tristique. Interdum et malesuada fames ac ante ipsum primis in faucibus. Nam egestas feugiat lacinia.","align":"left","__globals__":{"text_color":"globals\/colors?id=primary","link_color":"globals\/colors?id=primary","text_typography_typography":"globals\/typography?id=twbb_p4"},"align_mobile":"center","_animation":"fadeIn","_background_image":{"url":"","id":"","size":""},"_background_slideshow_gallery":[],"_background_hover_image":{"url":"","id":"","size":""},"_background_hover_slideshow_gallery":[]},"elements":[],"isInner":false,"widgetType":"twbb_woocommerce-breadcrumb","elType":"widget"},{"id":"13a3ef31","settings":{"_flex_align_self_mobile":"center","_css_classes":"","_element_width":"initial","_element_custom_width":{"unit":"%","size":100,"sizes":[]},"_element_width_mobile":"inherit","_element_width_tablet":"initial","_element_custom_width_tablet":{"unit":"%","size":100,"sizes":[]},"__dynamic__":{"title":"[elementor-tag id=\"\" name=\"tenweb-tag-post-title\" settings=\"%7B%7D\"]","link":"[elementor-tag id=\"\" name=\"tenweb-tag-post-url\" settings=\"%7B%22enabled%22%3A%22yes%22%7D\"]"},"title":"Add Your Heading Text Here","__globals__":{"title_color":"globals\/colors?id=primary","typography_typography":"globals\/typography?id=twbb_h3"},"_padding":{"unit":"px","top":"15","right":"0","bottom":"0","left":"0","isLinked":false},"_padding_mobile":{"unit":"px","top":"10","right":"0","bottom":"10","left":"0","isLinked":false},"_background_image":{"url":"","id":"","size":""},"_background_slideshow_gallery":[],"_background_hover_image":{"url":"","id":"","size":""},"_background_hover_slideshow_gallery":[]},"elements":[],"isInner":false,"widgetType":"twbb_woocommerce-product-title","elType":"widget"},{"id":"2df2fc79","settings":{"_flex_align_self_mobile":"center","_css_classes":"","_element_width":"initial","_element_custom_width":{"unit":"%","size":100,"sizes":[]},"_element_width_mobile":"inherit","_element_width_tablet":"initial","_element_custom_width_tablet":{"unit":"%","size":100,"sizes":[]},"__globals__":{"typography_typography":"globals\/typography?id=twbb_h5","sale_price_typography_typography":"globals\/typography?id=twbb_h4","sale_price_color":"globals\/colors?id=primary"},"_padding":{"unit":"px","top":"0","right":"0","bottom":"0","left":"0","isLinked":false},"_margin":{"unit":"px","top":"0","right":"0","bottom":"0","left":"0","isLinked":false},"sale_price_spacing":{"unit":"px","size":5,"sizes":[]},"_background_image":{"url":"","id":"","size":""},"_background_slideshow_gallery":[],"_background_hover_image":{"url":"","id":"","size":""},"_background_hover_slideshow_gallery":[]},"elements":[],"isInner":false,"widgetType":"twbb_woocommerce-product-price","elType":"widget"},{"id":"6c0746de","settings":{"_flex_align_self_mobile":"center","_css_classes":"","_element_width":"initial","_element_custom_width":{"unit":"%","size":100,"sizes":[]},"_element_width_mobile":"inherit","_element_width_tablet":"initial","_element_custom_width_tablet":{"unit":"%","size":100,"sizes":[]},"text_color":"#000000ff","__globals__":{"text_color":"globals\/colors?id=primary","text_typography_typography":"globals\/typography?id=text"},"_margin_mobile":{"unit":"px","top":"0","right":"0","bottom":"0","left":"0","isLinked":false},"_padding_mobile":{"unit":"px","top":"0","right":"0","bottom":"0","left":"0","isLinked":false},"_margin":{"unit":"px","top":"0","right":"0","bottom":"0","left":"0","isLinked":false},"_padding":{"unit":"px","top":"0","right":"0","bottom":"0","left":"0","isLinked":false},"_background_image":{"url":"","id":"","size":""},"_background_slideshow_gallery":[],"_background_hover_image":{"url":"","id":"","size":""},"_background_hover_slideshow_gallery":[]},"elements":[],"isInner":false,"widgetType":"twbb_woocommerce-product-short-description","elType":"widget"},{"id":"3f07fd6a","settings":{"_flex_align_self_mobile":"center","_css_classes":"","_element_width":"inherit","_element_custom_width":{"unit":"%","size":100,"sizes":[]},"_element_width_mobile":"inherit","_element_width_tablet":"initial","_element_custom_width_tablet":{"unit":"%","size":100,"sizes":[]},"layout":"stacked","variations_spacing":{"unit":"px","size":45,"sizes":[]},"alignment":"justify","button_border_border":"solid","button_border_radius":{"unit":"px","top":"0","right":"0","bottom":"0","left":"0","isLinked":true},"button_border_width":{"unit":"px","top":"1","right":"1","bottom":"1","left":"1","isLinked":true},"button_bg_color_hover":"#ffffffff","button_border_color":"#000000","quantity_border_radius":{"unit":"px","top":"0","right":"0","bottom":"0","left":"0","isLinked":true},"quantity_border_border":"solid","quantity_border_width":{"unit":"px","top":"1","right":"1","bottom":"1","left":"1","isLinked":true},"quantity_border_color":"globals\/colors?id=twbb_button","quantity_padding":{"unit":"px","top":"13","right":"16","bottom":"13","left":"16","isLinked":false},"spacing":{"unit":"px","size":24,"sizes":[]},"variations_width":{"unit":"%","size":66,"sizes":[]},"variations_space_between":{"unit":"px","size":24,"sizes":[]},"variations_select_border_radius":{"unit":"px","size":0,"sizes":[]},"__globals__":{"button_typography_typography":"globals\/typography?id=accent","button_text_color":"globals\/colors?id=twbb_button_inv","button_text_color_hover":"globals\/colors?id=twbb_button","button_bg_color":"globals\/colors?id=twbb_button","button_border_color_hover":"globals\/colors?id=twbb_bg_inv","view_cart_color":"globals\/colors?id=twbb_button","view_cart_typography_typography":"globals\/typography?id=accent","variations_label_color_focus":"globals\/colors?id=primary","variations_label_typography_typography":"globals\/typography?id=twbb_label","variations_select_bg_color":"","variations_select_typography_typography":"globals\/typography?id=text","quantity_typography_typography":"globals\/typography?id=twbb_p3","quantity_text_color":"globals\/colors?id=twbb_button","quantity_bg_color":"globals\/colors?id=twbb_bg_primary","button_border_color":"globals\/colors?id=twbb_button","button_bg_color_hover":"globals\/colors?id=twbb_bg_primary","quantity_border_color_focus":"globals\/colors?id=twbb_bg_inv","variations_select_color":"globals\/colors?id=primary","variations_select_border_color":""},"show_quantity":"","button_padding":{"unit":"%","top":"","right":"","bottom":"","left":"","isLinked":true},"_margin":{"unit":"px","top":"0","right":"0","bottom":"0","left":"0","isLinked":false},"_padding":{"unit":"px","top":"0","right":"0","bottom":"0","left":"0","isLinked":false},"button_text_color":"#ffffffff","button_bg_color":"#000000","button_text_color_hover":"#000000ff","button_border_color_hover":"#000000","quantity_border_color_focus":"#000000","alignment_mobile":"justify","spacing_mobile":{"unit":"px","size":24,"sizes":[]},"button_typography_typography":"custom","button_typography_font_family":"Montserrat","button_typography_font_size":{"unit":"px","size":"16","sizes":[]},"button_typography_font_weight":"medium","button_typography_text_transform":"none","button_typography_font_style":"normal","button_typography_text_decoration":"none","button_typography_line_height":{"unit":"px","size":"24","sizes":[]},"button_typography_line_height_tablet":{"unit":"px","size":"","sizes":[]},"button_typography_line_height_mobile":{"unit":"px","size":"","sizes":[]},"view_cart_spacing":{"unit":"px","size":6,"sizes":[]},"quantity_typography_typography":"custom","quantity_typography_font_family":"Montserrat","quantity_typography_font_size":{"unit":"px","size":"16","sizes":[]},"quantity_typography_font_size_mobile":{"unit":"px","size":"16","sizes":[]},"quantity_typography_font_weight":"normal","quantity_typography_text_transform":"none","quantity_typography_font_style":"normal","quantity_typography_text_decoration":"none","quantity_typography_line_height":{"unit":"%","size":"150","sizes":[]},"quantity_typography_line_height_tablet":{"unit":"px","size":"","sizes":[]},"quantity_typography_line_height_mobile":{"unit":"%","size":"150","sizes":[]},"variations_label_color_focus":"#000000ff","variations_label_typography_typography":"custom","variations_label_typography_font_family":"Montserrat","variations_label_typography_font_size":{"unit":"px","size":"16","sizes":[]},"variations_label_typography_font_size_mobile":{"unit":"px","size":"16","sizes":[]},"variations_label_typography_font_weight":"normal","variations_label_typography_text_transform":"uppercase","variations_label_typography_font_style":"normal","variations_label_typography_text_decoration":"none","variations_label_typography_line_height":{"unit":"%","size":"150","sizes":[]},"variations_label_typography_line_height_tablet":{"unit":"px","size":"","sizes":[]},"variations_label_typography_line_height_mobile":{"unit":"%","size":"150","sizes":[]},"variations_select_color":"#000000ff","variations_select_typography_typography":"custom","variations_select_typography_font_family":"Montserrat","variations_select_typography_font_size":{"unit":"px","size":"18","sizes":[]},"variations_select_typography_font_size_mobile":{"unit":"px","size":"16","sizes":[]},"variations_select_typography_font_weight":"normal","variations_select_typography_text_transform":"none","variations_select_typography_font_style":"normal","variations_select_typography_text_decoration":"none","variations_select_typography_line_height":{"unit":"%","size":"150","sizes":[]},"variations_select_typography_line_height_tablet":{"unit":"px","size":"","sizes":[]},"variations_select_typography_line_height_mobile":{"unit":"%","size":"150","sizes":[]},"_background_image":{"url":"","id":"","size":""},"_background_slideshow_gallery":[],"_background_hover_image":{"url":"","id":"","size":""},"_background_hover_slideshow_gallery":[]},"elements":[],"isInner":false,"widgetType":"twbb_woocommerce-product-add-to-cart","elType":"widget"},{"id":"3cd11210","settings":{"_flex_align_self_mobile":"center","_css_classes":"","_element_width":"initial","_element_custom_width":{"unit":"%","size":100,"sizes":[]},"_element_width_mobile":"inherit","_element_width_tablet":"initial","_element_custom_width_tablet":{"unit":"%","size":100,"sizes":[]},"text_color":"#4D4D4D","__globals__":{"text_color":"globals\/colors?id=text","typography_typography":"globals\/typography?id=twbb_p3"},"_margin_mobile":{"unit":"px","top":"0","right":"0","bottom":"0","left":"0","isLinked":false},"_padding_mobile":{"unit":"px","top":"0","right":"0","bottom":"0","left":"0","isLinked":false},"_background_image":{"url":"","id":"","size":""},"_background_slideshow_gallery":[],"_background_hover_image":{"url":"","id":"","size":""},"_background_hover_slideshow_gallery":[]},"elements":[],"isInner":false,"widgetType":"twbb_product-content","elType":"widget"}],"isInner":false,"elType":"container"}],"isInner":false,"elType":"container"},{"id":"265d6c5b","settings":{"_flex_align_self_mobile":"center","padding":{"left":"0","right":"0","top":"80","bottom":"80","unit":"px","isLinked":false},"padding_tablet":{"left":"15","right":"50","top":"80","bottom":"80","unit":"px","isLinked":false},"padding_mobile":{"left":"15","right":"15","top":"50","bottom":"50","unit":"px","isLinked":false},"css_classes":"twbb_section","_title":"Container","flex_direction":"column","flex_direction_tablet":"column","flex_direction_mobile":"column","flex_justify_content_mobile":"center","flex_justify_content_tablet":"center","content_width":"boxed","boxed_width":{"size":"1280","unit":"px","sizes":[]},"flex_align_items_mobile":"flex-start"},"elements":[{"id":"361db09e","settings":{"_flex_align_self_mobile":"center","_css_classes":"","_element_width":"initial","_element_custom_width":{"unit":"%","size":100,"sizes":[]},"_element_width_mobile":"inherit","_element_width_tablet":"initial","_element_custom_width_tablet":{"unit":"%","size":100,"sizes":[]},"products_related_products_title_text":"Related Products","products_upsells_title_text":"You may also like...","products_cross_sells_title_text":"You may be interested in...","query_post_type":"related_products","query_include":[],"query_include_term_ids":[],"_skin":"classic","modern_skin_hide_products_buttons":"always_show","classic_skin_hide_products_buttons":"","content_width":"full","columns":3,"rows":1,"classic_skin_columns":3,"classic_skin_rows":1,"modern_skin_columns":3,"modern_skin_rows":1,"paginate":"no","classic_skin_title_spacing":{"unit":"px","size":3,"sizes":[]},"classic_skin_title_spacing_mobile":16,"classic_skin_desc_spacing":18,"classic_skin_desc_spacing_mobile":16,"classic_skin_onsale_border_radius":{"unit":"px","size":0,"sizes":[]},"classic_skin_onsale_width":{"unit":"px","size":74,"sizes":[]},"classic_skin_onsale_height":{"unit":"px","size":36,"sizes":[]},"classic_skin_onsale_distance":{"unit":"px","size":20,"sizes":[]},"modern_skin_hide_product_quantity":"yes","classic_skin_hide_product_quantity":"yes","classic_button_typography_typography":"custom","classic_button_typography_font_family":"Montserrat","classic_button_typography_font_size":{"unit":"px","size":"14","sizes":[]},"classic_button_typography_font_size_mobile":{"unit":"px","size":"14","sizes":[]},"classic_button_typography_font_weight":"normal","classic_button_typography_text_transform":"none","classic_button_typography_font_style":"normal","classic_button_typography_text_decoration":"underline","classic_button_typography_line_height":{"unit":"%","size":"150","sizes":[]},"classic_button_typography_line_height_tablet":{"unit":"px","size":"","sizes":[]},"classic_button_typography_line_height_mobile":{"unit":"%","size":"150","sizes":[]},"classic_skin_box_border_color":"#00000000","classic_skin_box_border_color_hover":"#000000","classic_skin_box_border_width":{"unit":"px","top":"1","right":"1","bottom":"1","left":"1","isLinked":true},"__globals__":{"classic_title_typography_typography":"globals\/typography?id=twbb_bold","classic_desc_typography_typography":"globals\/typography?id=text","classic_price_typography_typography":"globals\/typography?id=twbb_p3","classic_old_price_typography_typography":"globals\/typography?id=twbb_p5","classic_skin_desc_color":"globals\/colors?id=text","classic_skin_title_color":"globals\/colors?id=primary","classic_skin_price_color":"globals\/colors?id=text","classic_skin_old_price_color":"globals\/colors?id=text","classic_skin_onsale_text_color":"globals\/colors?id=twbb_button_inv","classic_skin_onsale_text_background_color":"globals\/colors?id=twbb_button","classic_skin_button_text_color":"globals\/colors?id=primary","classic_skin_button_hover_color":"globals\/colors?id=secondary","classic_skin_box_border_color_hover":"globals\/colors?id=twbb_bg_inv","classic_skin_box_border_color":"globals\/colors?id=twbb_transparent","classic_skin_box_bg_color_hover":"","classic_onsale_typography_typography":"globals\/typography?id=twbb_p4","classic_skin_star_color":"globals\/colors?id=twbb_bg_inv"},"classic_skin_hide_products_description":"yes","modern_skin_hide_products_description":"yes","classic_skin_align":"left","classic_skin_single_image_width":"woocommerce_thumbnail%%600","classic_skin_image_spacing":{"unit":"px","size":10,"sizes":[]},"classic_skin_rating_spacing":{"unit":"px","size":14,"sizes":[]},"classic_old_price_typography_typography":"custom","classic_old_price_typography_font_family":"Montserrat","classic_old_price_typography_font_size":{"unit":"px","size":"14","sizes":[]},"classic_old_price_typography_font_size_mobile":{"unit":"px","size":"12","sizes":[]},"classic_old_price_typography_font_weight":"normal","classic_old_price_typography_text_transform":"none","classic_old_price_typography_font_style":"normal","classic_old_price_typography_text_decoration":"none","classic_old_price_typography_line_height":{"unit":"%","size":"150","sizes":[]},"classic_old_price_typography_line_height_tablet":{"unit":"px","size":"","sizes":[]},"classic_old_price_typography_line_height_mobile":{"unit":"%","size":"150","sizes":[]},"classic_skin_description_length":4,"classic_skin_column_gap":{"unit":"px","size":14,"sizes":[]},"classic_skin_image_border_radius":{"unit":"px","top":"0","right":"0","bottom":"0","left":"0","isLinked":true},"classic_title_typography_typography":"custom","classic_title_typography_font_family":"Montserrat","classic_title_typography_font_size":{"unit":"px","size":"16","sizes":[]},"classic_title_typography_font_size_mobile":{"unit":"px","size":"16","sizes":[]},"classic_title_typography_font_weight":"bold","classic_title_typography_text_transform":"none","classic_title_typography_font_style":"normal","classic_title_typography_text_decoration":"none","classic_title_typography_line_height":{"unit":"%","size":"150","sizes":[]},"classic_title_typography_line_height_tablet":{"unit":"px","size":"","sizes":[]},"classic_title_typography_line_height_mobile":{"unit":"%","size":"150","sizes":[]},"classic_skin_star_size":{"unit":"px","size":16,"sizes":[]},"classic_price_typography_typography":"custom","classic_price_typography_font_family":"Montserrat","classic_price_typography_font_size":{"unit":"px","size":"16","sizes":[]},"classic_price_typography_font_size_mobile":{"unit":"px","size":"16","sizes":[]},"classic_price_typography_font_weight":"normal","classic_price_typography_text_transform":"none","classic_price_typography_font_style":"normal","classic_price_typography_text_decoration":"none","classic_price_typography_line_height":{"unit":"%","size":"150","sizes":[]},"classic_price_typography_line_height_tablet":{"unit":"px","size":"","sizes":[]},"classic_price_typography_line_height_mobile":{"unit":"%","size":"150","sizes":[]},"classic_skin_button_text_color":"#000000ff","classic_skin_button_hover_color":"#898989","classic_skin_box_padding":{"unit":"px","top":"0","right":"0","bottom":"14","left":"0","isLinked":false},"classic_skin_content_padding":{"unit":"px","top":"0","right":"0","bottom":"0","left":"14","isLinked":false},"classic_box_shadow_hover_box_shadow":{"horizontal":-100,"vertical":0,"blur":10,"spread":0,"color":"rgba(0,0,0,0.5)"},"classic_skin_thumbnail_image_width":"custom","classic_skin_star_color":"#000000","classic_skin_onsale_text_background_color":"#000000","classic_onsale_typography_typography":"custom","classic_onsale_typography_font_family":"Montserrat","classic_onsale_typography_font_size":{"unit":"px","size":"16","sizes":[]},"classic_onsale_typography_font_size_mobile":{"size":"16","unit":"px","sizes":[]},"classic_onsale_typography_font_weight":"normal","classic_onsale_typography_text_transform":"none","classic_onsale_typography_font_style":"normal","classic_onsale_typography_text_decoration":"none","classic_onsale_typography_line_height":{"unit":"%","size":"","sizes":[]},"classic_onsale_typography_line_height_tablet":{"size":"","unit":"px","sizes":[]},"classic_onsale_typography_line_height_mobile":{"size":"","unit":"px","sizes":[]},"_background_image":{"url":"","id":"","size":""},"_background_slideshow_gallery":[],"_background_hover_image":{"url":"","id":"","size":""},"_background_hover_slideshow_gallery":[]},"elements":[],"isInner":false,"widgetType":"twbb_woocommerce-products","elType":"widget"}],"isInner":false,"elType":"container"}],"page_settings":[],"version":"0.4","title":"Single product","type":"twbb_single"}