{"content":[{"id":"44b6c385","settings":{"boxed_width_tablet":{"unit":"%","size":"","sizes":[]},"boxed_width_mobile":{"unit":"%","size":"","sizes":[]},"min_height":{"unit":"vh","size":100,"sizes":[]},"min_height_tablet":{"unit":"vh","size":"","sizes":[]},"min_height_mobile":{"unit":"vh","size":"","sizes":[]},"flex_align_items":"center","flex_justify_content":"center","background_background":"classic","background_color":"#B6B6B6"},"elements":[{"id":"2addf4cb","settings":{"_background_image":{"url":"","id":"","size":""},"_background_image_tablet":{"url":"","id":"","size":""},"_background_image_mobile":{"url":"","id":"","size":""},"_background_slideshow_gallery":[],"_background_hover_image":{"url":"","id":"","size":""},"_background_hover_image_tablet":{"url":"","id":"","size":""},"_background_hover_image_mobile":{"url":"","id":"","size":""},"_background_hover_slideshow_gallery":[]},"elements":[],"isInner":false,"widgetType":"twbbpost-content","elType":"widget"},{"id":"17768662","settings":{"title":"Not Found","typography_typography":"custom","typography_font_size":{"unit":"px","size":45,"sizes":[]},"_background_image":{"url":"","id":"","size":""},"_background_image_tablet":{"url":"","id":"","size":""},"_background_image_mobile":{"url":"","id":"","size":""},"_background_slideshow_gallery":[],"_background_hover_image":{"url":"","id":"","size":""},"_background_hover_image_tablet":{"url":"","id":"","size":""},"_background_hover_image_mobile":{"url":"","id":"","size":""},"_background_hover_slideshow_gallery":[]},"elements":[],"isInner":false,"widgetType":"heading","elType":"widget"},{"id":"118586ea","settings":{"title":"404","typography_typography":"custom","typography_font_size":{"unit":"px","size":45,"sizes":[]},"_background_image":{"url":"","id":"","size":""},"_background_image_tablet":{"url":"","id":"","size":""},"_background_image_mobile":{"url":"","id":"","size":""},"_background_slideshow_gallery":[],"_background_hover_image":{"url":"","id":"","size":""},"_background_hover_image_tablet":{"url":"","id":"","size":""},"_background_hover_image_mobile":{"url":"","id":"","size":""},"_background_hover_slideshow_gallery":[]},"elements":[],"isInner":false,"widgetType":"heading","elType":"widget"},{"id":"2d2b7aa0","settings":{"editor":"<p style=\"text-align: center;\">Sorry, the page you\u2019re looking for doesn\u2019t exist.<\/p>","_background_image":{"url":"","id":"","size":""},"_background_image_tablet":{"url":"","id":"","size":""},"_background_image_mobile":{"url":"","id":"","size":""},"_background_slideshow_gallery":[],"_background_hover_image":{"url":"","id":"","size":""},"_background_hover_image_tablet":{"url":"","id":"","size":""},"_background_hover_image_mobile":{"url":"","id":"","size":""},"_background_hover_slideshow_gallery":[]},"elements":[],"isInner":false,"widgetType":"text-editor","elType":"widget"}],"isInner":false,"elType":"container"}],"page_settings":[],"version":"0.4","title":"404","type":"twbb_single"}