{"content":[{"id":"5c0b06dd","settings":{"_flex_align_self_mobile":"center","padding":{"left":"0","right":"0","top":"80","bottom":"80","unit":"px","isLinked":false},"padding_tablet":{"left":"15","right":"50","top":"80","bottom":"80","unit":"px","isLinked":false},"padding_mobile":{"left":"15","right":"15","top":"50","bottom":"50","unit":"px","isLinked":false},"css_classes":"twbb_section","_title":"Post Archive","flex_direction":"column","flex_direction_tablet":"column","flex_direction_mobile":"column","flex_justify_content_mobile":"center","flex_justify_content_tablet":"center","content_width":"boxed","boxed_width":{"size":"1280","unit":"px","sizes":[]},"flex_justify_content":"center","flex_align_items_mobile":"flex-start"},"elements":[{"id":"7da5d6f3","settings":{"_flex_align_self_mobile":"center","content_width":"full","width":{"unit":"%","size":100,"sizes":[]},"width_tablet":{"unit":"%","size":100,"sizes":[]},"width_mobile":{"unit":"%","size":100,"sizes":[]},"css_classes":"","_title":"Container","flex_direction":"row","flex_direction_tablet":"row","flex_direction_mobile":"column","flex_justify_content_mobile":"center","flex_justify_content_tablet":"center","padding":{"left":"0","right":"0","top":"0","bottom":"0","unit":"px","isLinked":true},"padding_tablet":{"left":"0","right":"0","top":"0","bottom":"0","unit":"px","isLinked":true},"padding_mobile":{"left":"0","right":"0","top":"0","bottom":"0","unit":"px","isLinked":true},"flex_align_items_mobile":"flex-start"},"elements":[{"id":"37bc633e","settings":{"_flex_align_self_mobile":"center","_css_classes":"","_element_width":"initial","_element_custom_width":{"unit":"%","size":100,"sizes":[]},"_element_width_mobile":"inherit","_element_width_tablet":"initial","_element_custom_width_tablet":{"unit":"%","size":100,"sizes":[]},"align":"center","align_mobile":"center","__globals__":{"title_color":"globals\/colors?id=primary","typography_typography":"globals\/typography?id=primary"},"__dynamic__":{"title":"[elementor-tag id=\"\" name=\"tenweb-tag-archive-title\" settings=\"%7B%22include_context%22%3A%22no%22%2C%22show_description%22%3A%22title%22%2C%22before%22%3A%22%22%2C%22after%22%3A%22%22%2C%22fallback%22%3A%22%22%7D\"]","link":"[elementor-tag id=\"\" name=\"tenweb-tag-post-url\" settings=\"%7B%22include_context%22%3A%22no%22%2C%22show_description%22%3A%22title%22%2C%22before%22%3A%22%22%2C%22after%22%3A%22%22%2C%22fallback%22%3A%22%22%2C%22enabled%22%3A%22%22%7D\"]"},"_background_image":{"url":"","id":"","size":""},"_background_slideshow_gallery":[],"_background_hover_image":{"url":"","id":"","size":""},"_background_hover_slideshow_gallery":[]},"elements":[],"isInner":false,"widgetType":"tenweb-archive-title","elType":"widget"}],"isInner":false,"elType":"container"},{"id":"4376ce70","settings":{"_flex_align_self_mobile":"center","_css_classes":"","_element_width":"initial","_element_custom_width":{"unit":"%","size":100,"sizes":[]},"_element_width_mobile":"inherit","_element_width_tablet":"initial","_element_custom_width_tablet":{"unit":"%","size":100,"sizes":[]},"_margin":{"left":"0","right":"0","top":"40","bottom":"0","unit":"px","isLinked":false},"_margin_tablet":{"left":"0","right":"0","top":"40","bottom":"0","unit":"px","isLinked":false},"_margin_mobile":{"left":"0","right":"0","top":"40","bottom":"0","unit":"px","isLinked":false},"classic_content_padding":{"unit":"px","top":"20","right":"0","bottom":"0","left":"0","isLinked":false},"classic_content_padding_mobile":{"unit":"px","top":"12","right":"0","bottom":"0","left":"0","isLinked":false},"classic_image_spacing":{"unit":"px","size":20,"sizes":[]},"classic_image_spacing_mobile":{"unit":"px","size":12,"sizes":[]},"classic_title_spacing":{"unit":"px","size":8,"sizes":[]},"classic_title_spacing_mobile":{"unit":"px","size":8,"sizes":[]},"classic_excerpt_length":15,"classic_apply_to_custom_excerpt":"yes","classic_read_more_text":"Read More","cards_read_more_text":"Read More","classic_meta_spacing":{"unit":"px","size":8,"sizes":[]},"classic_meta_spacing_mobile":{"unit":"px","size":8,"sizes":[]},"classic_excerpt_spacing":{"unit":"px","size":"26","sizes":[]},"classic_title_tag":"h5","__globals__":{"classic_title_typography_typography":"globals\/typography?id=twbb_h5","classic_title_color":"globals\/colors?id=primary","classic_excerpt_typography_typography":"globals\/typography?id=twbb_p5","classic_excerpt_color":"globals\/colors?id=text","classic_badge_bg_color":"globals\/colors?id=twbb_transparent","classic_badge_typography_typography":"globals\/typography?id=twbb_p5","classic_badge_color":"globals\/colors?id=text","classic_read_more_typography_typography":"globals\/typography?id=twbb_p5","classic_read_more_color":"globals\/colors?id=text","classic_meta_typography_typography":"globals\/typography?id=twbb_p5","classic_meta_color":"globals\/colors?id=text","classic_box_bg_color":"globals\/colors?id=twbb_bg_primary","classic_twbb_badge_color":"globals\/colors?id=secondary"},"classic_columns":"3","pagination_page_limit":"5","pagination_prev_label":"&laquo; Previous","pagination_next_label":"Next &raquo;","text":"Load More","load_more_no_posts_custom_message":"No more posts to show","tenweb-posts_post_type":"current_query","classic_thumbnail_mobile":"top","classic_posts_per_page":3,"classic_meta_data":[],"posts_post_type":"post","classic_read_more_icon":{"value":"fas fa-angle-double-right","library":"fa-solid"},"on_image_read_more_icon":{"value":"fas fa-angle-double-right","library":"fa-solid"},"image_left_read_more_icon":{"value":"fas fa-angle-double-right","library":"fa-solid"},"cards_read_more_icon":{"value":"fas fa-angle-double-right","library":"fa-solid"},"classic_background_overlay_gradient_image":{"url":"","id":"","size":""},"classic_background_overlay_gradient_slideshow_gallery":[],"on_image_background_overlay_gradient_image":{"url":"","id":"","size":""},"on_image_background_overlay_gradient_slideshow_gallery":[],"load_more_spinner":{"value":"fas fa-spinner","library":"fa-solid"},"selected_icon":{"value":"","library":""},"background_slideshow_gallery":[],"button_background_hover_slideshow_gallery":[],"_background_image":{"url":"","id":"","size":""},"_background_slideshow_gallery":[],"_background_hover_image":{"url":"","id":"","size":""},"_background_hover_slideshow_gallery":[]},"elements":[],"isInner":false,"widgetType":"tenweb-posts","elType":"widget"}],"isInner":false,"elType":"container"}],"page_settings":[],"version":"0.4","title":"Posts Archive","type":"twbb_archive"}